name,email,location,age,gender,budget,tripType,month,type,duration
Allison Hill,donaldgarcia@example.net,New Roberttown,58,Male,8278,Friends,April,Romantic Getaway,4
David Guzman,jennifermiles@example.com,South Bridget,24,Male,82397,Couple,January,Mountain Adventures,3
Abigail Shaffer,jpeterson@example.org,Curtisfurt,31,Female,71237,Solo,September,Romantic Getaway,13
Ryan Munoz,blairamanda@example.com,New Kellystad,59,Prefer not to say,33893,Couple,October,Extreme Adventures,14
Michele Williams,kendragalloway@example.org,South Joshuastad,18,Female,96506,Couple,June,Extreme Adventures,4
Henry Santiago,lynchgeorge@example.net,East Steven,31,Other,18396,Solo,July,Beach Paradise,7
Timothy Watts,gabriellecameron@example.org,Port Antonio,40,Other,10695,Couple,September,Beach Paradise,8
Derek Clark,jason76@example.net,Thomasberg,23,Other,87397,Friends,October,Romantic Getaway,13
Justin Baker,zhurst@example.com,East William,22,Male,91673,Family,May,Beach Paradise,15
Anthony Rodriguez,laurahenderson@example.org,Jamesmouth,32,Male,54823,Friends,August,Spiritual Journey,4
Tricia Valencia,frazierdanny@example.net,Kaylamouth,41,Other,32460,Friends,December,Beach Paradise,11
Jeffrey Chavez,teresa28@example.org,Meaganhaven,58,Female,75010,Family,March,Luxury / Resort,8
Brittany Farmer,georgetracy@example.org,Natashaport,35,Female,94733,Friends,January,Romantic Getaway,15
David Bradley,millertodd@example.org,East Donna,20,Other,57581,Friends,February,Romantic Getaway,11
Carmen Rose,ibrandt@example.net,Lake Larry,38,Female,90909,Couple,July,Luxury / Resort,4
Marie Kim DDS,wrightcaleb@example.org,New Jeffrey,34,Female,37325,Friends,December,Nature Retreat,8
Mark Perez,heathchad@example.org,Elizabethborough,55,Prefer not to say,52447,Family,March,Cultural / Festival,9
Miranda Khan,esanchez@example.com,North Collin,23,Male,19371,Family,November,Wildlife Safari,14
Jeff Owens,nuneztracey@example.org,South Jessicaville,45,Male,55432,Couple,October,Luxury / Resort,10
Connor West,dwhite@example.org,South Lindseyside,34,Male,94166,Solo,November,Cultural / Festival,14
Matthew Fernandez,novaksara@example.org,South Todd,35,Other,19621,Friends,July,Wildlife Safari,9
James Brown,ysmith@example.com,Mitchellside,18,Other,70612,Family,September,Beach Paradise,15
Katelyn Lee,tanyariley@example.net,Lake Leeton,58,Other,88748,Family,March,Spiritual Journey,14
Kathryn Farrell,brianromero@example.org,New Carlosbury,28,Male,83504,Friends,August,Mountain Adventures,3
Todd Hudson,harveyrobert@example.net,Sarahborough,41,Other,36385,Solo,April,Nature Retreat,3
Emily Baker,emilyevans@example.com,North Stephenshire,23,Prefer not to say,14071,Family,March,Luxury / Resort,10
Angel Lewis MD,nicole35@example.com,South Martha,28,Other,74163,Couple,April,Cultural / Festival,14
Lisa Archer,contrerasangela@example.net,East Josephville,30,Other,57296,Friends,August,Cultural / Festival,9
Brittney Campbell,jenniferharris@example.net,Williamview,25,Female,34451,Solo,June,Mountain Adventures,11
Sarah Davis,ccalderon@example.org,Kellieview,53,Female,82128,Family,January,Beach Paradise,13
Jeremy Thornton,rodriguezsierra@example.net,New Barry,58,Male,35007,Solo,January,Spiritual Journey,3
Juan Jordan,parkerrachel@example.org,Jasonbury,50,Female,41500,Couple,April,Cultural / Festival,4
Heather Castro,vdickson@example.org,Port Francisco,54,Prefer not to say,36850,Couple,July,Romantic Getaway,3
Cassandra Gutierrez,jillcook@example.com,West Erik,24,Prefer not to say,51438,Couple,July,Luxury / Resort,15
Janet Williams,dwalker@example.com,Loribury,21,Male,12944,Couple,December,Spiritual Journey,14
Matthew Ross,michelle45@example.net,Frazierside,24,Female,30112,Family,September,Luxury / Resort,4
Alexander Wiley,gregory40@example.org,Reedmouth,45,Female,41509,Couple,April,Beach Paradise,9
William Wilson,jonathanfletcher@example.org,West Ryan,53,Male,11630,Solo,February,Romantic Getaway,4
Tammie Hanson,cortezkevin@example.com,Nguyenport,44,Prefer not to say,68092,Family,July,Mountain Adventures,4
Cheryl Ortega,lbyrd@example.net,Richardtown,42,Male,56173,Friends,August,Extreme Adventures,8
Daniel Floyd,steven73@example.net,Leonburgh,53,Prefer not to say,25289,Family,May,Romantic Getaway,2
Diane Beck,clarence34@example.org,East Andrew,55,Male,46104,Solo,January,Nature Retreat,9
John Atkinson,gibsonolivia@example.net,Lake Heather,50,Female,12455,Solo,March,Beach Paradise,11
David Douglas Jr.,osbornejeffery@example.net,Williamsbury,22,Female,57923,Solo,October,Romantic Getaway,11
Barbara Anderson,jcontreras@example.net,Stephaniemouth,56,Male,86183,Solo,July,Nature Retreat,11
Michelle Wagner,vmerritt@example.com,Greenbury,51,Other,39179,Family,November,Spiritual Journey,5
Destiny Strickland,rsims@example.com,Lake Justinview,34,Prefer not to say,22154,Friends,August,Spiritual Journey,14
Steven Miller,jessebenson@example.net,North Robert,22,Male,65068,Solo,February,Cultural / Festival,5
John Brown,xprice@example.net,Port Nicoleshire,50,Other,22361,Friends,February,Romantic Getaway,7
Aaron Bell,acastaneda@example.net,South Jeffrey,36,Female,62433,Friends,October,Cultural / Festival,2
Allen Rogers,dramsey@example.org,South Brittanytown,60,Other,91951,Solo,March,Extreme Adventures,3
Jeffrey Camacho,brentgray@example.org,Murphyfurt,24,Female,40697,Friends,October,Romantic Getaway,13
Trevor Fisher,ruizkaitlyn@example.org,Jeffreyland,39,Female,95111,Friends,September,Luxury / Resort,6
Marissa Webster,jamessmith@example.org,East Thomas,21,Male,88136,Couple,May,Mountain Adventures,2
Travis Marshall,katie29@example.net,Port Loriport,39,Female,88507,Friends,March,Luxury / Resort,10
Alexander Collins,tsanders@example.org,New Hannahbury,45,Male,19663,Solo,December,Wildlife Safari,10
Raymond Jefferson,hoganashlee@example.org,Amandastad,20,Other,81350,Family,July,Wildlife Safari,2
Matthew Smith,gshort@example.com,Cynthiamouth,37,Other,10229,Friends,April,Romantic Getaway,12
Jessica Gross,christina87@example.com,Petersenshire,24,Other,78385,Couple,October,Wildlife Safari,5
Samuel Rivas,ramirezshannon@example.com,Rogersfort,28,Female,59040,Solo,March,Spiritual Journey,14
Catherine Lewis,matthew94@example.net,New Stacyland,44,Female,39970,Family,December,Beach Paradise,8
Jason Peters,hannahbrewer@example.com,Mcguireland,20,Prefer not to say,34154,Family,August,Spiritual Journey,6
Jared Sanchez,thomas85@example.com,Michaelmouth,32,Female,8101,Family,July,Spiritual Journey,6
David Martinez,leslienewton@example.net,East Javier,22,Other,51025,Couple,November,Cultural / Festival,7
Dr. William Warren,tina34@example.org,Harrytown,19,Male,39237,Family,October,Extreme Adventures,2
Beth Williams,tranheidi@example.org,Garciatown,24,Prefer not to say,50309,Friends,July,Nature Retreat,10
Julie Alexander,tammyking@example.com,Port Cameronfort,25,Prefer not to say,80574,Family,May,Mountain Adventures,13
Mark Brown,lisaavery@example.org,North Angela,45,Male,73146,Family,June,Heritage Exploration,3
Kyle Montgomery,chayes@example.com,Torreston,60,Other,86678,Friends,November,Beach Paradise,13
Natalie Meza,colleenbaker@example.org,East Glenn,37,Other,92410,Couple,June,Heritage Exploration,13
Aaron Hayes,ocarter@example.com,Jacquelinemouth,36,Female,30144,Couple,November,Heritage Exploration,12
David Baker,ronaldstephens@example.net,West Margaret,29,Other,58225,Solo,May,Extreme Adventures,5
Christopher Parker,scott74@example.net,Benderhaven,45,Other,65946,Couple,August,Romantic Getaway,10
Jessica George,mnavarro@example.com,North Jeremyshire,48,Female,91356,Solo,May,Cultural / Festival,12
Alicia Hubbard,barbara27@example.net,Moonburgh,58,Other,17240,Family,November,Extreme Adventures,5
Jessica Olsen DVM,vbailey@example.com,Port Eugenechester,30,Female,8201,Solo,April,Luxury / Resort,11
Donna Landry,gibsonleonard@example.com,Port Richardhaven,22,Prefer not to say,59321,Family,December,Heritage Exploration,9
April Booth,mgutierrez@example.net,Cindyfort,43,Female,24342,Solo,February,Heritage Exploration,5
Olivia Harris,sarakim@example.net,Martinezbury,29,Prefer not to say,11582,Family,February,Luxury / Resort,4
Emily Smith,hdavis@example.com,Lake Marilynfort,47,Other,63008,Couple,September,Luxury / Resort,4
Dorothy Thornton,edavenport@example.org,Arnoldfurt,48,Prefer not to say,38972,Family,November,Extreme Adventures,14
Kyle Francis,michellehill@example.com,Sarahhaven,51,Prefer not to say,87149,Family,May,Luxury / Resort,3
Aaron Barber,cgrimes@example.net,Reedside,36,Female,40614,Friends,June,Cultural / Festival,3
Jamie Cantu,tinaallen@example.com,Port Kimberly,26,Female,35311,Couple,December,Wildlife Safari,13
Patrick Thornton,qhughes@example.net,South Tammie,31,Male,59377,Couple,June,Cultural / Festival,9
Vincent Rivera,sawyerscott@example.net,Smithberg,44,Male,32110,Couple,July,Nature Retreat,13
Matthew Moore,qharrington@example.com,Santosmouth,19,Prefer not to say,67518,Solo,June,Extreme Adventures,14
Shannon James,courtney78@example.org,East Crystalport,42,Prefer not to say,75545,Family,August,Romantic Getaway,6
Nicole Hamilton MD,wallaceheather@example.org,West Lauraport,45,Prefer not to say,8804,Couple,June,Heritage Exploration,13
Jeffrey Sanchez,yknight@example.org,East Christian,28,Prefer not to say,21728,Solo,July,Nature Retreat,11
Lisa Allen,jesselittle@example.com,Elizabethmouth,60,Male,16003,Couple,March,Luxury / Resort,4
Megan Moore,llandry@example.com,Vaughnmouth,21,Other,54689,Friends,April,Luxury / Resort,7
Christina Cruz,yrodriguez@example.net,Baileyport,39,Prefer not to say,41471,Couple,May,Beach Paradise,9
Ronald Foster,knightgina@example.net,New Julieport,19,Male,50870,Family,November,Beach Paradise,14
Crystal Pham,danaoliver@example.net,Lake Colton,59,Male,9067,Family,April,Mountain Adventures,11
Amanda Kramer,rileyjessica@example.org,Markchester,27,Female,21544,Couple,November,Beach Paradise,11
Carlos Ryan,alyssa42@example.com,Coffeyport,31,Prefer not to say,96680,Friends,June,Wildlife Safari,11
Gina Wilson,taylortammy@example.net,Coffeyside,56,Male,26465,Friends,February,Nature Retreat,2
Richard Smith,gibsonemily@example.net,Brendastad,37,Prefer not to say,56990,Family,February,Nature Retreat,13
David Johnson,rose31@example.net,Blankenshipport,58,Female,18356,Friends,November,Nature Retreat,14
